text,label
"""I am sick of Mr. Bingley,"" cried his wife.",annoyance
"He is also handsome, which a young man ought likewise to be, if he possibly can.",amusement
"She began now to comprehend that he was exactly the man who, in disposition and talents, would most suit her.",realization
Her heart was divided between concern for her sister and resentment against all the others.,sadness
Elizabeth felt herself completely taken in.,embarrassment
She could not think of Darcy's leaving Kent without remembering that his cousin was to go with him.,sadness
"With a triumphant smile they were told, that it was ten miles round.",pride
She was not rendered formidable by silence.,neutral
"I never had one hour's happiness in her society, and yet my mind all round the four-and-twenty hours was harping on the happiness of having her with me unto death.",sadness
Take nothing on its looks; take everything on evidence. There's no better rule.,optimism
"I knew I was common, and that I wished I was not common.",embarrassment
"He called the knaves, Jacks, this boy! said Estella with disdain.",disapproval
"I looked at the stars, and considered how awful it would be for a man to turn his face up to them as he froze to death.",nervousness
"Pip, dear old chap, life is made of ever so many partings welded together.",sadness
"Pause you who read this, and think for a moment of the long chain of iron or gold, of thorns or flowers.",realization
"We spent as much money as we could, and got as little for it as people could make up their minds to give us.",annoyance
"Herbert and I went on from bad to worse, in the way of increasing our debts, looking into our affairs, leaving our affairs open.",neutral
There was a long hard time when I kept far from me the remembrance of what I had thrown away.,sadness
To define is to limit.,neutral
The books that the world calls immoral are books that show the world its own shame.,disapproval
The only way to get rid of a temptation is to yield to it.,amusement
"He was always late on principle, his principle being that punctuality is the thief of time.",amusement
"I don't want to be at the mercy of my emotions. I want to use them, to enjoy them, and to dominate them.",pride
"Behind every exquisite thing that existed, there was something tragic.",sadness
Nowadays people know the price of everything and the value of nothing.,disapproval
Children begin by loving their parents; as they grow older they judge them; sometimes they forgive them.,sadness
Experience is merely the name men gave to their mistakes.,amusement
The books that the world calls immoral are books that show the world its own shame.,disapproval
I am no bird; and no net ensnares me: I am a free human being with an independent will.,pride
I would always rather be happy than dignified.,joy
Feeling without judgment is a washy draught indeed; but judgment untempered by feeling is too bitter and husky a morsel for human deglutition.,neutral
I had not intended to love him; the reader knows I had wrought hard to extirpate from my soul the germs of love there detected.,disappointment
Do you think I am an automaton? — a machine without feelings?,anger
"The most tranquil, even the most resigned, are not necessarily the most happy.",sadness
I would not exchange this one little English girl for the Grand Turk's whole seraglio.,love
"All my heart is yours, sir: it belongs to you; and with you it would remain, were fate to exile the rest of me from your presence forever.",love
"I sometimes have a queer feeling with regard to you — especially when you are near me, as now: it is as if I had a string somewhere under my left ribs.",love
There is no happiness like that of being loved by your fellow-creatures.,joy
"It was the best of times, it was the worst of times.",neutral
"A wonderful fact to reflect upon, that every human creature is constituted to be that profound secret and mystery to every other.",realization
I see a beautiful city and a brilliant people rising from this abyss.,optimism
"It is a far, far better thing that I do, than I have ever done; it is a far, far better rest that I go to than I have ever known.",gratitude
You have been the last dream of my soul.,love
recalled to life,realization
"""You know that I am incapable of all the higher and better flights of men,"" he said. ""If you doubt it, ask Stryver.""",embarrassment
"The night was dark and cold, and the wind was blowing hard.",neutral
"He's more myself than I am. Whatever our souls are made of, his and mine are the same.",love
"If he loved with all the powers of his puny being, he couldn't love as much in eighty years as I could in a day.",pride
"I have not broken your heart — you have broken it; and in breaking it, you have broken mine.",sadness
Terror made me cruel.,fear
I cannot live without my life! I cannot live without my soul!,sadness
"Nelly, I am Heathcliff! He's always, always in my mind: not as a pleasure, any more than I am always a pleasure to myself, but as my own being.",love
"Oh, cried Catherine, in a tone of vexation, I'm tired — I'm stalled, Hareton!",annoyance
"They were beaten; they had lost the game, they were swept aside.",disappointment
He had no wit to see that here was a new religion for him — that here was his chance.,disapproval
It was all so very business-like that one watched it fascinated.,curiosity
"She ran toward the burning building without a second thought, tears streaming down her face.",caring
The silence in the room was deafening after the news had broken.,sadness
"He laughed so hard his sides ached, tears of joy blurring his vision.",amusement
"She had waited for this moment her entire life, and now that it had arrived, she could barely breathe.",excitement
"He looked down at the letter, reading it three times before the words began to make sense.",realization
The realization hit him like a wave — she was never coming back.,realization
She felt a warmth bloom in her chest as he finally said the words she had longed to hear.,love
"His hands shook as he stepped onto the stage, five hundred faces staring up at him.",nervousness
"She closed her eyes, exhaling slowly, letting the last of the tension melt from her shoulders.",relief
The betrayal stung more than any physical wound he had ever known.,sadness
"She wept until there were no more tears left, and then she simply sat in the silence of her loss.",grief
"He placed the flowers on the grave and stood there for a long time, not speaking, not moving.",grief
The house felt unbearably empty without her - every room a reminder of what was gone.,grief
"She kept his coat hanging by the door long after he had passed, unable to bring herself to move it.",grief
"Grief, she discovered, was not loud. It was the quietest, most suffocating thing she had ever known.",grief
"He had lost many things in his life, but nothing had prepared him for the weight of this absence.",grief
"The child asked where grandmother had gone, and nobody could answer.",grief
"She held the photograph for hours, tracing the lines of a face she would never see again.",grief
"The funeral was over, the guests had left, and now there was only the unbearable ordinary of a world without him.",grief
He could not bring himself to delete her number from his phone.,grief
She heard his favourite song on the radio and had to pull over to the side of the road.,grief
"The loss settled into her bones like winter - permanent, aching, cold.",grief
He stood at the edge of the grave and felt the world tilt beneath him.,grief
"Every morning she woke and remembered, and the remembering was its own kind of death.",grief
She buried her face in his pillow and breathed in what little was left of him.,grief
The grief was not something she could explain to anyone who had not lived it.,grief
He carried the weight of his brother absence like a stone in his chest.,grief
She returned to the places they had loved together and found them unbearable.,grief
"There is a particular cruelty in losing someone slowly, watching them fade before your eyes.",grief
"He did not cry at the funeral. He cried three weeks later, alone in his car in a car park.",grief
"She tried to grieve quietly so as not to burden others, but quiet grief is its own torment.",grief
"The anniversary arrived, as it always did, like a wound reopened.",grief
"She sorted through his belongings in silence, holding each object like a relic.",grief
Time does not heal all wounds. It simply teaches you to carry them differently.,grief
"He missed her in the small, stupid moments - choosing a restaurant, watching a film alone.",grief
The word gone did not feel real. None of it felt real.,grief
"She sat at the kitchen table and could not eat, could not speak, could not be.",grief
"He lay awake at night replaying their last conversation, wishing he had said more.",grief
"The grief came in waves, and some days the waves were so large she could not stand.",grief
"She learned that mourning has no schedule, no logic, no end.",grief
"His palms were damp, his heart hammering as he waited for his name to be called.",nervousness
She could not sit still - she paced the length of the room again and again.,nervousness
"He rehearsed the words in his head a hundred times, but when the moment came, they vanished.",nervousness
Her stomach was a tight fist of anxiety as she stood outside the interview room.,nervousness
"He kept checking his phone, then the clock, then the door, unable to settle.",nervousness
She felt the familiar nausea rising in her throat and pressed her hands together to stop them shaking.,nervousness
Every footstep on the stairs made her flinch.,nervousness
"He could not eat the night before. He lay awake, running every possible outcome through his mind.",nervousness
"She tugged at the hem of her jacket, suddenly acutely aware of how she looked.",nervousness
The waiting was worse than anything that came after.,nervousness
"He swallowed hard and stepped forward, willing his legs to stop trembling.",nervousness
"She kept her voice steady through an act of sheer will, though everything inside her was screaming.",nervousness
What if something went wrong? The thought circled his mind without stopping.,nervousness
"She stood at the edge of the crowd, too anxious to go in, too stubborn to leave.",nervousness
"His breathing had become shallow, each exhale a small, controlled act.",nervousness
She bit the inside of her cheek to stop herself from speaking before she was ready.,nervousness
"He arrived thirty minutes early, which made the waiting worse.",nervousness
She read the message six times and still could not decide how to reply.,nervousness
The thought of standing up in front of all those people made him feel physically ill.,nervousness
Her hands refused to do what she told them.,nervousness
"He laughed too loudly at the wrong moment, a nervous reflex he could not control.",nervousness
She typed the email and then stared at the send button for three full minutes.,nervousness
"He felt certain, in the way that only anxiety can make you certain, that everything was about to go wrong.",nervousness
"She pressed her back against the wall and took a slow breath, trying to remember that she was fine.",nervousness
The stage looked enormous from the wings.,nervousness
"He could feel every eye in the room on him, even the ones that were not.",nervousness
"She had done this a hundred times before, but tonight, it felt new and terrifying.",nervousness
"He read the questions on the exam paper and felt his mind go perfectly, horribly blank.",nervousness
"She smiled and nodded and said she was fine, all while her heart tried to escape through her ribs.",nervousness
He triple-checked the locks before bed. Then checked them again.,nervousness
"She believed, despite everything, that things would turn out well in the end.",optimism
It was not naivety. It was a deliberate choice to expect good things.,optimism
He told himself: tomorrow will be better. And he meant it.,optimism
"She planted seeds in the garden and felt, doing so, a profound sense of possibility.",optimism
There was still time. That was the thought that kept her going - there was still time.,optimism
"He could see, for the first time in a long while, how things might improve.",optimism
"She did not know what was coming, but she felt certain it would be good.",optimism
Every difficulty was temporary. She held to this like a rope.,optimism
"He made his plans with enthusiasm, undeterred by what had happened before.",optimism
She woke with the conviction that today would be different.,optimism
"The future shimmered ahead of him, full of things not yet decided.",optimism
She wrote down her goals and felt a surge of genuine belief that she would achieve them.,optimism
"They had very little, but they had each other, and they were certain that was enough to build on.",optimism
He walked out of the building and into the sunlight and thought: this is not the end.,optimism
She had been knocked down before. She knew how to get up.,optimism
"There is always another door, she told him. Always another way through.",optimism
"He could not afford to despair. So he chose hope, deliberately, every morning.",optimism
"She let herself imagine the best possible outcome, and found she almost believed in it.",optimism
"The city stretched before them, full of strangers and chances.",optimism
"Whatever happened next, they would face it. They would figure it out.",optimism
He had learned that optimism was not the absence of fear - it was moving forward despite it.,optimism
She told her children: hard times do not last. Good people do.,optimism
He saw the wreckage of what had been and began immediately to think about what might be built next.,optimism
"She was not certain, but she was hopeful, and hopeful felt like enough.",optimism
"Tomorrow was unwritten. He found this thought, for the first time, exhilarating rather than frightening.",optimism
She closed the chapter on the worst year of her life and opened a clean page.,optimism
He chose to believe that the people around him were trying their best. It made the world easier to inhabit.,optimism
Things had been dark. But she had seen the dark end before.,optimism
"He could see, past the difficulty, a version of his life that was genuinely good.",optimism
She was learning that hope was not a feeling. It was a practice.,optimism
"It struck her all at once - she had been wrong. Completely, terribly wrong.",realization
He stared at the evidence in front of him and felt the world rearrange itself.,realization
"The truth arrived slowly at first, then all at once, like a flood.",realization
"She understood now what she had not understood before, and the understanding changed everything.",realization
"For a long moment he simply stood there, letting the knowledge settle.",realization
"It occurred to her, with sudden clarity, that nothing would ever be the same.",realization
"He saw what he had refused to see, and the seeing of it was a kind of violence.",realization
"She realised, too late, what she had done.",realization
"The penny dropped, as they say, and when it did, she felt everything shift.",realization
He had been operating on the wrong assumption for months. Now he knew.,realization
There was a moment - she could pinpoint it exactly - when she understood.,realization
It was not what he had been told. It was something else entirely. He saw this now.,realization
She had thought she understood the situation. She had been catastrophically mistaken.,realization
The realization came not as a comfort but as a rupture.,realization
"He turned the fact over in his mind, examining it from every angle, and felt his certainties dissolve.",realization
"It dawned on her, in the quiet of the night, what the strange remark had meant.",realization
He had been looking at the problem from the wrong side all along.,realization
"The solution was obvious - once you saw it, you could not understand why you had not seen it before.",realization
She had spent years being angry at the wrong person.,realization
"He realized, somewhere in the middle of the argument, that he was not angry at her. He was afraid.",realization
"The patterns, once she saw them, were everywhere.",realization
It came to her in the shower - the piece she had been missing for weeks.,realization
"He looked at his life from the outside, as if for the first time, and was startled by what he saw.",realization
"She understood, reading the letter, that the story she had told herself was false.",realization
"The answer arrived without warning, at three in the morning, in the space between sleeping and waking.",realization
"He saw his own reflection in what she was describing, and the recognition was uncomfortable.",realization
All the small details that had seemed unconnected suddenly formed a picture.,realization
"She had not wanted to see it. But now that she had, there was no going back.",realization
He stopped mid-sentence as the implication of his own words became clear to him.,realization
It was not until much later that she understood what that day had actually cost her.,realization
"She stood on the podium and felt, for the first time, entirely worthy of the applause.",pride
"He had done this himself, with his own hands, and the satisfaction of it was immense.",pride
She watched her daughter accept the award and felt something swell in her chest that had no other name.,pride
He had told them it was possible. He had been right. He allowed himself a moment to savour that.,pride
She walked out of the presentation to a standing ovation and thought: I earned this.,pride
"He was not a man who boasted. But privately, in his quietest moments, he was proud.",pride
She had come so far from where she had started. The distance was proof of something.,pride
"He looked at what his team had built and felt a fierce, quiet joy.",pride
She had never done anything she was prouder of.,pride
He read his name on the list and straightened his back without quite knowing he was doing it.,pride
"She had struggled for this, and it was hers, and no one could take the struggle away from her.",pride
He showed his father the letter and watched the old man face change.,pride
She had doubted herself every step of the way. She was glad she had kept going.,pride
"He could not stop smiling, and he was past caring who saw.",pride
She had done what people said could not be done. She intended to remember that.,pride
"He had finally, after years of effort, proven himself - at least to himself, which was what mattered.",pride
She looked at her students and felt proud of every single one of them.,pride
He stood taller as he walked out of the building.,pride
The work was good. She knew it was good. For once she allowed herself to say so.,pride
"He had given his best, and his best had been enough.",pride
She had hoped for so much more from him.,disappointment
He opened the results and felt the air leave his body.,disappointment
"She had tried so hard, and it had not been enough. That was the part she could not make peace with.",disappointment
He had expected better. That was perhaps the most painful part.,disappointment
"She put down the phone and sat very still, absorbing the news she had not wanted to receive.",disappointment
"He had allowed himself to want it, which had been the mistake.",disappointment
"She smiled and said she understood, and then went home and cried.",disappointment
The event was a letdown after all the anticipation.,disappointment
He gave everything he had to the audition. They called someone else.,disappointment
"She had believed in him, completely, and he had let her down.",disappointment
He had imagined this moment so differently.,disappointment
She stared at the page and felt the slow deflation of hope.,disappointment
They had promised things they had not kept. She was too tired to be surprised.,disappointment
"He said the words, but they were the wrong words, and she knew it was over.",disappointment
She had worked for months on something that ultimately no one cared about.,disappointment
He looked around the nearly empty room and tried not to show what he was feeling.,disappointment
She waited for the call that did not come.,disappointment
He had not expected perfection. He had expected more than this.,disappointment
"She thought it would feel different, arriving at the end of something she had worked so long toward.",disappointment
He saw what they had done with his idea and barely recognised it.,disappointment
"She wished, not for the first time, that he would simply listen.",annoyance
He had told them twice already. He was not going to tell them again.,annoyance
The noise had been going on for hours and she could feel it behind her eyes.,annoyance
He sighed heavily and pushed the papers aside.,annoyance
"She had answered this question already. She answered it again, with diminishing patience.",annoyance
The meeting could have been an email. It had taken ninety minutes.,annoyance
He did not raise his voice. He did something worse - he became very quiet and very precise.,annoyance
"She counted to ten, which helped, though not much.",annoyance
The constant interruptions made it impossible to think.,annoyance
He said nothing. But the set of his jaw said everything.,annoyance
"She was not angry. She was, she told herself, simply tired of having to ask.",annoyance
He had been patient for a long time. His patience had reached its end.,annoyance
Why was this so difficult? She genuinely wanted to know.,annoyance
He clicked the pen. Once. Twice. Three times. She looked up.,annoyance
She closed the door a little harder than was strictly necessary.,annoyance
He was not in the mood. He had not been in the mood all morning.,annoyance
"She chose her words carefully, which took effort, because her instinct was to say something sharp.",annoyance
"The apology was too late and too little, and she let him know it.",annoyance
He had asked nicely. He had asked firmly. He was running out of options.,annoyance
She replied with the minimum number of words that could be considered a reply.,annoyance
